racer, url
Ellie Crownshaw, https://www.fabian4.co.uk/organiser/logon.aspx?EventID=4203&Code=206106f4-646e-467d-83f8-3900b64f2c64
Jane Cockerton, https://www.powerof10.uk/Home/Athlete/8ff8873a-bb6e-4e5d-b0da-a169970e1c51
Pat Goodall, https://www.powerof10.uk/Home/Athlete/2141ef73-17bb-4e6f-ae65-d5b3215aad6b
Eric Latham, https://www.powerof10.uk/Home/Athlete/b9b630fe-0def-42a6-a29c-9d7936239683
Kevin Doyle, https://www.powerof10.uk/Home/Athlete/76c2ae0a-d755-4487-ae62-259395e0ebdb
Al Cook, https://www.powerof10.uk/Home/Athlete/275a80d0-7b16-4caa-b5d8-7ca714d72b4a
Helen Elleker, https://www.powerof10.uk/Home/Athlete/074e68b3-77ac-4c81-b41b-ffb0f1022dae
Kenny Rowe, https://www.powerof10.uk/Home/Athlete/1fc2a08e-7daa-4e0c-ac0c-f96d616ffa72
Mark Platton, https://www.powerof10.uk/Home/Athlete/5807d527-c602-41e8-aa00-5b77a0986c42
Nick Hails, https://www.powerof10.uk/Home/Athlete/43ffb390-7f6d-40f7-99fb-7c400e1375f0
Austin Frost, https://www.powerof10.uk/Home/Athlete/f9629107-662f-423c-8976-af30f2d9c8e6
Keith Swainson, https://www.powerof10.uk/Home/Athlete/65a8ecfe-56ab-47fc-925c-5b5f33feb9a9
Kevin Randall, https://www.powerof10.uk/Home/Athlete/ed2a6acd-2cd7-4acb-b214-d63b9cd72d0a
Mark Gamsu, https://www.powerof10.uk/Home/Athlete/e3515419-ce99-41da-b5df-3dbfb7292043
Paul Middlemas, https://www.powerof10.uk/Home/Athlete/708d9db9-52f2-4c27-986c-68fda996a3eb
Richard Ward, https://www.powerof10.uk/Home/Athlete/084e5a06-c5ae-4859-b54f-b0606611fde4
Rob Davies, https://www.powerof10.uk/Home/Athlete/85c408d5-ed91-4b3d-9938-18a838043801
Stuart Scott, https://www.powerof10.uk/Home/Athlete/1a5792cc-9faf-4a14-88ee-83fe240c912c
Barbara Haigh, https://www.powerof10.uk/Home/Athlete/5bfe3fdd-b51c-4357-87a5-8c113a6127e4
Christopher Lilley, https://www.powerof10.uk/Home/Athlete/5aec1663-36bb-49ba-a70c-a0d5dd0ab2a2
Colin Earl, https://www.powerof10.uk/Home/Athlete/dd923582-99b1-45b0-8eaa-91b419fbec12
Derek Brailsford, https://www.powerof10.uk/Home/Athlete/d99a9ba5-c894-456e-b5c8-29406f735935
Jo Gleig, https://www.powerof10.uk/Home/Athlete/2deaed00-d558-43aa-85d0-c2efe5138da8
Oli Constable, https://www.powerof10.uk/Home/Athlete/6e020d38-490f-4aec-81f2-4fff7327f109
Russell Stevenson, https://www.powerof10.uk/Home/Athlete/55369e00-cc90-42b3-b5e4-09ed00c275e2
Simon Wiles, https://www.powerof10.uk/Home/Athlete/192455bc-a765-4354-85a8-07a3adb86095
Aaron Francis, https://www.powerof10.uk/Home/Athlete/d8c68749-1fe4-4de8-8304-979716c8605e
Alan Chapman, https://www.powerof10.uk/Home/Athlete/eb9a1b99-2246-40fe-9e7b-6ede311f96c3
Alex Day, https://www.powerof10.uk/Home/Athlete/99fc35d9-b0ce-49b5-946b-2dabea4a4071
Andrew Lewis, https://www.powerof10.uk/Home/Athlete/6cf8b33c-9b98-4a0f-a231-af2cf362be00