racer,athlete_name,athlete_url,distance,year,best_time,best_time_seconds,best_date,best_venue
Aaron Francis,Aaron Francis,https://www.powerof10.uk/Home/Athlete/d8c68749-1fe4-4de8-8304-979716c8605e,p10_10k,2016,42:57,2577.0,04/12/2016,Sheffield
Aaron Francis,Aaron Francis,https://www.powerof10.uk/Home/Athlete/d8c68749-1fe4-4de8-8304-979716c8605e,p10_10k,2017,41:31,2491.0,03/12/2017,Sheffield
Aaron Francis,Aaron Francis,https://www.powerof10.uk/Home/Athlete/d8c68749-1fe4-4de8-8304-979716c8605e,p10_10k,2018,39:40,2380.0,25/11/2018,Doncaster
Aaron Francis,Aaron Francis,https://www.powerof10.uk/Home/Athlete/d8c68749-1fe4-4de8-8304-979716c8605e,p10_10k,2019,39:40,2380.0,01/12/2019,Sheffield
Aaron Francis,Aaron Francis,https://www.powerof10.uk/Home/Athlete/d8c68749-1fe4-4de8-8304-979716c8605e,p10_10k,2020,40:12,2412.0,15/03/2020,Dronfield Woodhouse
Aaron Francis,Aaron Francis,https://www.powerof10.uk/Home/Athlete/d8c68749-1fe4-4de8-8304-979716c8605e,p10_10k,2021,36:10,2170.0,05/12/2021,Sheffield
Aaron Francis,Aaron Francis,https://www.powerof10.uk/Home/Athlete/d8c68749-1fe4-4de8-8304-979716c8605e,p10_10k,2022,34:35,2075.0,04/12/2022,Sheffield
Aaron Francis,Aaron Francis,https://www.powerof10.uk/Home/Athlete/d8c68749-1fe4-4de8-8304-979716c8605e,p10_10k,2023,34:48,2088.0,06/08/2023,York
Aaron Francis,Aaron Francis,https://www.powerof10.uk/Home/Athlete/d8c68749-1fe4-4de8-8304-979716c8605e,p10_10k,2024,36:53,2213.0,29/09/2024,Sheffield
Aaron Francis,Aaron Francis,https://www.powerof10.uk/Home/Athlete/d8c68749-1fe4-4de8-8304-979716c8605e,p10_10k,2025,34:52,2092.0,18/04/2025,Salford
Aaron Francis,Aaron Francis,https://www.powerof10.uk/Home/Athlete/d8c68749-1fe4-4de8-8304-979716c8605e,p10_10k,2026,35:59,2159.0,11/01/2026,"Valencia, ESP"
Aaron Francis,Aaron Francis,https://www.powerof10.uk/Home/Athlete/d8c68749-1fe4-4de8-8304-979716c8605e,p10_5k,2021,18:13,1093.0,28/08/2021,Sheffield
Aaron Francis,Aaron Francis,https://www.powerof10.uk/Home/Athlete/d8c68749-1fe4-4de8-8304-979716c8605e,p10_5k,2022,16:55,1015.0,13/07/2022,Doncaster
Aaron Francis,Aaron Francis,https://www.powerof10.uk/Home/Athlete/d8c68749-1fe4-4de8-8304-979716c8605e,p10_5k,2023,16:49,1009.0,05/07/2023,Sheffield
Aaron Francis,Aaron Francis,https://www.powerof10.uk/Home/Athlete/d8c68749-1fe4-4de8-8304-979716c8605e,p10_5k,2024,16:36,996.0,22/03/2024,Doncaster
Aaron Francis,Aaron Francis,https://www.powerof10.uk/Home/Athlete/d8c68749-1fe4-4de8-8304-979716c8605e,p10_5k,2025,16:42,1002.0,04/07/2025,Doncaster
Al Cook,Al Cook,https://www.powerof10.uk/Home/Athlete/275a80d0-7b16-4caa-b5d8-7ca714d72b4a,p10_10k,2017,51:29,3089.0,03/12/2017,Sheffield
Al Cook,Al Cook,https://www.powerof10.uk/Home/Athlete/275a80d0-7b16-4caa-b5d8-7ca714d72b4a,p10_10k,2019,39:58,2398.0,01/12/2019,Sheffield
Al Cook,Al Cook,https://www.powerof10.uk/Home/Athlete/275a80d0-7b16-4caa-b5d8-7ca714d72b4a,p10_5k,2023,19:29,1169.0,05/07/2023,Sheffield
Al Cook,Al Cook,https://www.powerof10.uk/Home/Athlete/275a80d0-7b16-4caa-b5d8-7ca714d72b4a,p10_5k,2024,19:34,1174.0,05/06/2024,Sheffield
Al Cook,Al Cook,https://www.powerof10.uk/Home/Athlete/275a80d0-7b16-4caa-b5d8-7ca714d72b4a,p10_5k,2025,19:38,1178.0,07/05/2025,Sheffield
Alan Chapman,Alan Chapman,https://www.powerof10.uk/Home/Athlete/eb9a1b99-2246-40fe-9e7b-6ede311f96c3,p10_10k,2022,54:08,3248.0,04/12/2022,Sheffield
Alan Chapman,Alan Chapman,https://www.powerof10.uk/Home/Athlete/eb9a1b99-2246-40fe-9e7b-6ede311f96c3,p10_10k,2023,53:05,3185.0,24/09/2023,Sheffield
Alan Chapman,Alan Chapman,https://www.powerof10.uk/Home/Athlete/eb9a1b99-2246-40fe-9e7b-6ede311f96c3,p10_10k,2024,55:52,3352.0,01/12/2024,Sheffield
Alan Chapman,Alan Chapman,https://www.powerof10.uk/Home/Athlete/eb9a1b99-2246-40fe-9e7b-6ede311f96c3,p10_10k,2025,1:00:06,3606.0,07/12/2025,Sheffield
Alex Day,Alex Day,https://www.powerof10.uk/Home/Athlete/99fc35d9-b0ce-49b5-946b-2dabea4a4071,p10_10k,2022,34:16,2056.0,04/12/2022,Sheffield
Alex Day,Alex Day,https://www.powerof10.uk/Home/Athlete/99fc35d9-b0ce-49b5-946b-2dabea4a4071,p10_10k,2023,34:09,2049.0,05/02/2023,Dewsbury
Alex Day,Alex Day,https://www.powerof10.uk/Home/Athlete/99fc35d9-b0ce-49b5-946b-2dabea4a4071,p10_10k,2024,33:56,2036.0,04/02/2024,Dewsbury
Alex Day,Alex Day,https://www.powerof10.uk/Home/Athlete/99fc35d9-b0ce-49b5-946b-2dabea4a4071,p10_10k,2025,35:24,2124.0,30/11/2025,Leeds
Alex Day,Alex Day,https://www.powerof10.uk/Home/Athlete/99fc35d9-b0ce-49b5-946b-2dabea4a4071,p10_5k,2016,17:12,1032.0,21/06/2016,London
Alex Day,Alex Day,https://www.powerof10.uk/Home/Athlete/99fc35d9-b0ce-49b5-946b-2dabea4a4071,p10_5k,2022,17:22,1042.0,06/07/2022,Sheffield
Alex Day,Alex Day,https://www.powerof10.uk/Home/Athlete/99fc35d9-b0ce-49b5-946b-2dabea4a4071,p10_5k,2024,17:05,1025.0,08/05/2024,Sheffield
Alex Day,Alex Day,https://www.powerof10.uk/Home/Athlete/99fc35d9-b0ce-49b5-946b-2dabea4a4071,p10_5k,2025,17:19,1039.0,04/06/2025,Sheffield
Andrew Lewis,Andrew Lewis,https://www.powerof10.uk/Home/Athlete/6cf8b33c-9b98-4a0f-a231-af2cf362be00,p10_10k,2016,45:31,2731.0,27/11/2016,Royston
Andrew Lewis,Andrew Lewis,https://www.powerof10.uk/Home/Athlete/6cf8b33c-9b98-4a0f-a231-af2cf362be00,p10_10k,2018,53:02,3182.0,23/09/2018,Sheffield
Andrew Lewis,Andrew Lewis,https://www.powerof10.uk/Home/Athlete/6cf8b33c-9b98-4a0f-a231-af2cf362be00,p10_10k,2023,57:30,3450.0,15/10/2023,Scarborough
Andrew Lewis,Andrew Lewis,https://www.powerof10.uk/Home/Athlete/6cf8b33c-9b98-4a0f-a231-af2cf362be00,p10_10k,2024,59:06,3546.0,29/09/2024,Sheffield
Andrew Lewis,Andrew Lewis,https://www.powerof10.uk/Home/Athlete/6cf8b33c-9b98-4a0f-a231-af2cf362be00,p10_10k,2025,1:00:02,3602.0,30/11/2025,Doncaster
Andrew Lewis,Andrew Lewis,https://www.powerof10.uk/Home/Athlete/6cf8b33c-9b98-4a0f-a231-af2cf362be00,p10_10k,2026,1:30:32,5432.0,12/04/2026,Lincoln
Austin Frost,Austin Frost,https://www.powerof10.uk/Home/Athlete/f9629107-662f-423c-8976-af30f2d9c8e6,p10_10k,2016,37:58,2278.0,31/07/2016,Tenby
Austin Frost,Austin Frost,https://www.powerof10.uk/Home/Athlete/f9629107-662f-423c-8976-af30f2d9c8e6,p10_10k,2019,37:33,2253.0,28/07/2019,Tenby
Barbara Haigh,Barbara Haigh,https://www.powerof10.uk/Home/Athlete/5bfe3fdd-b51c-4357-87a5-8c113a6127e4,p10_10k,2016,54:51,3291.0,02/10/2016,Doncaster
Barbara Haigh,Barbara Haigh,https://www.powerof10.uk/Home/Athlete/5bfe3fdd-b51c-4357-87a5-8c113a6127e4,p10_10k,2017,59:10,3550.0,29/01/2017,Meltham
Barbara Haigh,Barbara Haigh,https://www.powerof10.uk/Home/Athlete/5bfe3fdd-b51c-4357-87a5-8c113a6127e4,p10_10k,2020,1:03:04,3784.0,26/01/2020,Meltham
Barbara Haigh,Barbara Haigh,https://www.powerof10.uk/Home/Athlete/5bfe3fdd-b51c-4357-87a5-8c113a6127e4,p10_10k,2022,1:02:04,3724.0,19/06/2022,Penistone
Barbara Haigh,Barbara Haigh,https://www.powerof10.uk/Home/Athlete/5bfe3fdd-b51c-4357-87a5-8c113a6127e4,p10_10k,2023,1:04:10,3850.0,18/06/2023,Penistone
Barbara Haigh,Barbara Haigh,https://www.powerof10.uk/Home/Athlete/5bfe3fdd-b51c-4357-87a5-8c113a6127e4,p10_10k,2024,1:06:01,3961.0,12/06/2024,Huddersfield
Barbara Haigh,Barbara Haigh,https://www.powerof10.uk/Home/Athlete/5bfe3fdd-b51c-4357-87a5-8c113a6127e4,p10_10k,2025,1:07:11,4031.0,26/01/2025,Meltham
Barbara Haigh,Barbara Haigh,https://www.powerof10.uk/Home/Athlete/5bfe3fdd-b51c-4357-87a5-8c113a6127e4,p10_10k,2026,1:03:45,3825.0,22/03/2026,wakefield
Barbara Haigh,Barbara Haigh,https://www.powerof10.uk/Home/Athlete/5bfe3fdd-b51c-4357-87a5-8c113a6127e4,p10_5k,2023,29:41,1781.0,07/06/2023,Sheffield
Christopher Lilley,Christopher Lilley,https://www.powerof10.uk/Home/Athlete/5aec1663-36bb-49ba-a70c-a0d5dd0ab2a2,p10_10k,2016,46:09,2769.0,13/03/2016,Dronfield Woodhouse
Christopher Lilley,Christopher Lilley,https://www.powerof10.uk/Home/Athlete/5aec1663-36bb-49ba-a70c-a0d5dd0ab2a2,p10_10k,2017,45:28,2728.0,07/05/2017,Sheffield
Christopher Lilley,Christopher Lilley,https://www.powerof10.uk/Home/Athlete/5aec1663-36bb-49ba-a70c-a0d5dd0ab2a2,p10_10k,2018,45:26,2726.0,25/11/2018,Doncaster
Christopher Lilley,Christopher Lilley,https://www.powerof10.uk/Home/Athlete/5aec1663-36bb-49ba-a70c-a0d5dd0ab2a2,p10_10k,2019,44:29,2669.0,12/05/2019,Rotherham
Christopher Lilley,Christopher Lilley,https://www.powerof10.uk/Home/Athlete/5aec1663-36bb-49ba-a70c-a0d5dd0ab2a2,p10_10k,2021,44:56,2696.0,05/12/2021,Sheffield
Christopher Lilley,Christopher Lilley,https://www.powerof10.uk/Home/Athlete/5aec1663-36bb-49ba-a70c-a0d5dd0ab2a2,p10_10k,2022,41:51,2511.0,04/12/2022,Sheffield
Christopher Lilley,Christopher Lilley,https://www.powerof10.uk/Home/Athlete/5aec1663-36bb-49ba-a70c-a0d5dd0ab2a2,p10_10k,2023,42:30,2550.0,05/02/2023,Dewsbury
Christopher Lilley,Christopher Lilley,https://www.powerof10.uk/Home/Athlete/5aec1663-36bb-49ba-a70c-a0d5dd0ab2a2,p10_5k,2016,22:24,1344.0,13/07/2016,Doncaster
Christopher Lilley,Christopher Lilley,https://www.powerof10.uk/Home/Athlete/5aec1663-36bb-49ba-a70c-a0d5dd0ab2a2,p10_5k,2017,22:55,1375.0,19/07/2017,Rotherham
Colin Earl,Colin Earl,https://www.powerof10.uk/Home/Athlete/dd923582-99b1-45b0-8eaa-91b419fbec12,p10_10k,2016,38:26,2306.0,04/12/2016,Sheffield
Colin Earl,Colin Earl,https://www.powerof10.uk/Home/Athlete/dd923582-99b1-45b0-8eaa-91b419fbec12,p10_10k,2017,38:44,2324.0,17/05/2017,Askern
Colin Earl,Colin Earl,https://www.powerof10.uk/Home/Athlete/dd923582-99b1-45b0-8eaa-91b419fbec12,p10_10k,2019,39:38,2378.0,24/11/2019,Doncaster
Colin Earl,Colin Earl,https://www.powerof10.uk/Home/Athlete/dd923582-99b1-45b0-8eaa-91b419fbec12,p10_10k,2020,39:29,2369.0,02/02/2020,Dewsbury
Colin Earl,Colin Earl,https://www.powerof10.uk/Home/Athlete/dd923582-99b1-45b0-8eaa-91b419fbec12,p10_10k,2022,39:07,2347.0,04/12/2022,Sheffield
Colin Earl,Colin Earl,https://www.powerof10.uk/Home/Athlete/dd923582-99b1-45b0-8eaa-91b419fbec12,p10_10k,2024,40:16,2416.0,01/12/2024,Sheffield
Colin Earl,Colin Earl,https://www.powerof10.uk/Home/Athlete/dd923582-99b1-45b0-8eaa-91b419fbec12,p10_10k,2025,42:54,2574.0,09/11/2025,Gainsborough
Colin Earl,Colin Earl,https://www.powerof10.uk/Home/Athlete/dd923582-99b1-45b0-8eaa-91b419fbec12,p10_10k,2026,41:02,2462.0,01/02/2026,Dewsbury
Colin Earl,Colin Earl,https://www.powerof10.uk/Home/Athlete/dd923582-99b1-45b0-8eaa-91b419fbec12,p10_5k,2016,18:43,1123.0,13/07/2016,Doncaster
Colin Earl,Colin Earl,https://www.powerof10.uk/Home/Athlete/dd923582-99b1-45b0-8eaa-91b419fbec12,p10_5k,2019,19:32,1172.1,29/05/2019,Cudworth
Derek Brailsford,Derek Brailsford,https://www.powerof10.uk/Home/Athlete/d99a9ba5-c894-456e-b5c8-29406f735935,p10_10k,2022,1:08:04,4084.0,11/12/2022,Nottingham
Derek Brailsford,Derek Brailsford,https://www.powerof10.uk/Home/Athlete/d99a9ba5-c894-456e-b5c8-29406f735935,p10_10k,2025,1:18:35,4715.0,18/05/2025,Holymoorside
Eric Latham,Eric Latham,https://www.powerof10.uk/Home/Athlete/b9b630fe-0def-42a6-a29c-9d7936239683,p10_10k,2016,40:52,2452.0,18/05/2016,Askern
Eric Latham,Eric Latham,https://www.powerof10.uk/Home/Athlete/b9b630fe-0def-42a6-a29c-9d7936239683,p10_10k,2017,45:14,2714.0,03/12/2017,Sheffield
Eric Latham,Eric Latham,https://www.powerof10.uk/Home/Athlete/b9b630fe-0def-42a6-a29c-9d7936239683,p10_10k,2018,43:31,2611.0,04/02/2018,Dewsbury
Eric Latham,Eric Latham,https://www.powerof10.uk/Home/Athlete/b9b630fe-0def-42a6-a29c-9d7936239683,p10_10k,2024,50:31,3031.0,01/12/2024,Sheffield
Eric Latham,Eric Latham,https://www.powerof10.uk/Home/Athlete/b9b630fe-0def-42a6-a29c-9d7936239683,p10_5k,2016,20:24,1224.0,13/07/2016,Doncaster
Eric Latham,Eric Latham,https://www.powerof10.uk/Home/Athlete/b9b630fe-0def-42a6-a29c-9d7936239683,p10_5k,2017,20:41,1241.0,12/07/2017,Doncaster
Eric Latham,Eric Latham,https://www.powerof10.uk/Home/Athlete/b9b630fe-0def-42a6-a29c-9d7936239683,p10_5k,2018,21:04,1264.0,18/07/2018,Doncaster
Helen Elleker,Helen Elleker,https://www.powerof10.uk/Home/Athlete/074e68b3-77ac-4c81-b41b-ffb0f1022dae,p10_10k,2016,53:18,3198.0,18/05/2016,Askern
Helen Elleker,Helen Elleker,https://www.powerof10.uk/Home/Athlete/074e68b3-77ac-4c81-b41b-ffb0f1022dae,p10_10k,2017,58:12,3492.0,03/12/2017,Sheffield
Helen Elleker,Helen Elleker,https://www.powerof10.uk/Home/Athlete/074e68b3-77ac-4c81-b41b-ffb0f1022dae,p10_10k,2018,56:33,3393.0,16/05/2018,Askern
Helen Elleker,Helen Elleker,https://www.powerof10.uk/Home/Athlete/074e68b3-77ac-4c81-b41b-ffb0f1022dae,p10_10k,2019,56:07,3367.0,01/12/2019,Sheffield
Helen Elleker,Helen Elleker,https://www.powerof10.uk/Home/Athlete/074e68b3-77ac-4c81-b41b-ffb0f1022dae,p10_10k,2021,59:50,3590.0,05/12/2021,Sheffield
Helen Elleker,Helen Elleker,https://www.powerof10.uk/Home/Athlete/074e68b3-77ac-4c81-b41b-ffb0f1022dae,p10_10k,2022,1:01:55,3715.0,04/12/2022,Sheffield
Helen Elleker,Helen Elleker,https://www.powerof10.uk/Home/Athlete/074e68b3-77ac-4c81-b41b-ffb0f1022dae,p10_10k,2024,1:00:38,3638.0,01/12/2024,Sheffield
Helen Elleker,Helen Elleker,https://www.powerof10.uk/Home/Athlete/074e68b3-77ac-4c81-b41b-ffb0f1022dae,p10_10k,2025,1:02:05,3725.0,07/12/2025,Sheffield
Helen Elleker,Helen Elleker,https://www.powerof10.uk/Home/Athlete/074e68b3-77ac-4c81-b41b-ffb0f1022dae,p10_5k,2024,29:37,1777.0,03/07/2024,Sheffield
Jane Cockerton,Jane Cockerton,https://www.powerof10.uk/Home/Athlete/8ff8873a-bb6e-4e5d-b0da-a169970e1c51,p10_10k,2017,1:21:20,4880.0,03/12/2017,Sheffield
Jane Cockerton,Jane Cockerton,https://www.powerof10.uk/Home/Athlete/8ff8873a-bb6e-4e5d-b0da-a169970e1c51,p10_10k,2018,1:00:25,3625.0,24/06/2018,Penistone
Jane Cockerton,Jane Cockerton,https://www.powerof10.uk/Home/Athlete/8ff8873a-bb6e-4e5d-b0da-a169970e1c51,p10_10k,2019,1:07:23,4043.0,30/06/2019,Penistone
Jane Cockerton,Jane Cockerton,https://www.powerof10.uk/Home/Athlete/8ff8873a-bb6e-4e5d-b0da-a169970e1c51,p10_10k,2020,1:05:32,3932.0,26/01/2020,Meltham
Jane Cockerton,Jane Cockerton,https://www.powerof10.uk/Home/Athlete/8ff8873a-bb6e-4e5d-b0da-a169970e1c51,p10_10k,2024,1:08:15,4095.0,23/06/2024,Penistone
Jane Cockerton,Jane Cockerton,https://www.powerof10.uk/Home/Athlete/8ff8873a-bb6e-4e5d-b0da-a169970e1c51,p10_10k,2026,1:06:53,4013.0,25/01/2026,Meltham
Jo Gleig,Jo Gleig,https://www.powerof10.uk/Home/Athlete/2deaed00-d558-43aa-85d0-c2efe5138da8,p10_10k,2017,1:14:55,4495.0,24/09/2017,Sheffield
Jo Gleig,Jo Gleig,https://www.powerof10.uk/Home/Athlete/2deaed00-d558-43aa-85d0-c2efe5138da8,p10_10k,2018,1:11:52,4312.0,23/09/2018,Sheffield
Jo Gleig,Jo Gleig,https://www.powerof10.uk/Home/Athlete/2deaed00-d558-43aa-85d0-c2efe5138da8,p10_10k,2019,1:09:18,4158.0,29/09/2019,Doncaster
Jo Gleig,Jo Gleig,https://www.powerof10.uk/Home/Athlete/2deaed00-d558-43aa-85d0-c2efe5138da8,p10_10k,2020,1:13:37,4417.0,15/03/2020,Dronfield Woodhouse
Jo Gleig,Jo Gleig,https://www.powerof10.uk/Home/Athlete/2deaed00-d558-43aa-85d0-c2efe5138da8,p10_10k,2021,1:04:02,3842.0,28/11/2021,Doncaster
Jo Gleig,Jo Gleig,https://www.powerof10.uk/Home/Athlete/2deaed00-d558-43aa-85d0-c2efe5138da8,p10_10k,2022,57:47,3467.0,27/11/2022,Doncaster
Jo Gleig,Jo Gleig,https://www.powerof10.uk/Home/Athlete/2deaed00-d558-43aa-85d0-c2efe5138da8,p10_10k,2023,59:43,3583.0,15/10/2023,Holmfirth
Jo Gleig,Jo Gleig,https://www.powerof10.uk/Home/Athlete/2deaed00-d558-43aa-85d0-c2efe5138da8,p10_10k,2024,53:53,3233.0,24/11/2024,Doncaster
Jo Gleig,Jo Gleig,https://www.powerof10.uk/Home/Athlete/2deaed00-d558-43aa-85d0-c2efe5138da8,p10_10k,2025,54:04,3244.0,21/09/2025,North Shields
Jo Gleig,Jo Gleig,https://www.powerof10.uk/Home/Athlete/2deaed00-d558-43aa-85d0-c2efe5138da8,p10_10k,2026,53:19,3199.0,19/04/2026,Dronfield Woodhouse
Jo Gleig,Jo Gleig,https://www.powerof10.uk/Home/Athlete/2deaed00-d558-43aa-85d0-c2efe5138da8,p10_5k,2023,27:20,1640.0,05/07/2023,Sheffield
Jo Gleig,Jo Gleig,https://www.powerof10.uk/Home/Athlete/2deaed00-d558-43aa-85d0-c2efe5138da8,p10_5k,2024,25:23,1523.0,05/06/2024,Sheffield
Jo Gleig,Jo Gleig,https://www.powerof10.uk/Home/Athlete/2deaed00-d558-43aa-85d0-c2efe5138da8,p10_5k,2025,25:44,1544.0,02/07/2025,Sheffield
Keith Swainson,Keith Swainson,https://www.powerof10.uk/Home/Athlete/65a8ecfe-56ab-47fc-925c-5b5f33feb9a9,p10_10k,2018,34:48,2088.0,02/12/2018,Sheffield
Keith Swainson,Keith Swainson,https://www.powerof10.uk/Home/Athlete/65a8ecfe-56ab-47fc-925c-5b5f33feb9a9,p10_10k,2019,34:53,2093.0,01/12/2019,Sheffield
Keith Swainson,Keith Swainson,https://www.powerof10.uk/Home/Athlete/65a8ecfe-56ab-47fc-925c-5b5f33feb9a9,p10_10k,2020,33:27,2007.0,18/10/2020,Northwich
Keith Swainson,Keith Swainson,https://www.powerof10.uk/Home/Athlete/65a8ecfe-56ab-47fc-925c-5b5f33feb9a9,p10_10k,2021,33:48,2028.0,19/12/2021,Long Bennington
Keith Swainson,Keith Swainson,https://www.powerof10.uk/Home/Athlete/65a8ecfe-56ab-47fc-925c-5b5f33feb9a9,p10_10k,2022,32:53,1973.0,23/10/2022,Leeds
Keith Swainson,Keith Swainson,https://www.powerof10.uk/Home/Athlete/65a8ecfe-56ab-47fc-925c-5b5f33feb9a9,p10_10k,2023,33:24,2004.0,29/01/2023,Chesterfield
Keith Swainson,Keith Swainson,https://www.powerof10.uk/Home/Athlete/65a8ecfe-56ab-47fc-925c-5b5f33feb9a9,p10_10k,2024,32:34,1954.0,03/03/2024,Partington
Keith Swainson,Keith Swainson,https://www.powerof10.uk/Home/Athlete/65a8ecfe-56ab-47fc-925c-5b5f33feb9a9,p10_10k,2025,32:15,1935.0,07/12/2025,Sheffield
Keith Swainson,Keith Swainson,https://www.powerof10.uk/Home/Athlete/65a8ecfe-56ab-47fc-925c-5b5f33feb9a9,p10_10k,2026,33:23,2003.0,22/03/2026,Pulford
Keith Swainson,Keith Swainson,https://www.powerof10.uk/Home/Athlete/65a8ecfe-56ab-47fc-925c-5b5f33feb9a9,p10_5k,2019,16:09,969.0,10/07/2019,Doncaster
Keith Swainson,Keith Swainson,https://www.powerof10.uk/Home/Athlete/65a8ecfe-56ab-47fc-925c-5b5f33feb9a9,p10_5k,2021,16:02,962.0,21/04/2021,Dalton on Tees
Keith Swainson,Keith Swainson,https://www.powerof10.uk/Home/Athlete/65a8ecfe-56ab-47fc-925c-5b5f33feb9a9,p10_5k,2022,15:32,932.0,26/08/2022,Kingsley
Keith Swainson,Keith Swainson,https://www.powerof10.uk/Home/Athlete/65a8ecfe-56ab-47fc-925c-5b5f33feb9a9,p10_5k,2025,15:12,912.0,29/08/2025,Kingsley
Keith Swainson,Keith Swainson,https://www.powerof10.uk/Home/Athlete/65a8ecfe-56ab-47fc-925c-5b5f33feb9a9,p10_5k,2026,16:06,966.0,12/04/2026,London Dulwich Park
Kenny Rowe,Kenny Rowe,https://www.powerof10.uk/Home/Athlete/1fc2a08e-7daa-4e0c-ac0c-f96d616ffa72,p10_10k,2016,50:10,3010.0,01/05/2016,Kirkbymoorside
Kenny Rowe,Kenny Rowe,https://www.powerof10.uk/Home/Athlete/1fc2a08e-7daa-4e0c-ac0c-f96d616ffa72,p10_10k,2017,50:20,3020.0,25/06/2017,Penistone
Kenny Rowe,Kenny Rowe,https://www.powerof10.uk/Home/Athlete/1fc2a08e-7daa-4e0c-ac0c-f96d616ffa72,p10_10k,2018,54:56,3296.0,24/06/2018,Penistone
Kenny Rowe,Kenny Rowe,https://www.powerof10.uk/Home/Athlete/1fc2a08e-7daa-4e0c-ac0c-f96d616ffa72,p10_10k,2019,54:26,3266.0,01/12/2019,Sheffield
Kenny Rowe,Kenny Rowe,https://www.powerof10.uk/Home/Athlete/1fc2a08e-7daa-4e0c-ac0c-f96d616ffa72,p10_10k,2021,59:07,3547.0,05/12/2021,Sheffield
Kenny Rowe,Kenny Rowe,https://www.powerof10.uk/Home/Athlete/1fc2a08e-7daa-4e0c-ac0c-f96d616ffa72,p10_10k,2022,1:02:09,3729.0,03/07/2022,Birsay
Kevin Doyle,Kevin Doyle,https://www.powerof10.uk/Home/Athlete/76c2ae0a-d755-4487-ae62-259395e0ebdb,p10_10k,2016,37:19,2239.0,18/05/2016,Askern
Kevin Doyle,Kevin Doyle,https://www.powerof10.uk/Home/Athlete/76c2ae0a-d755-4487-ae62-259395e0ebdb,p10_10k,2017,36:57,2217.0,05/02/2017,Southport
Kevin Doyle,Kevin Doyle,https://www.powerof10.uk/Home/Athlete/76c2ae0a-d755-4487-ae62-259395e0ebdb,p10_10k,2018,39:07,2347.0,06/05/2018,Rotherham
Kevin Doyle,Kevin Doyle,https://www.powerof10.uk/Home/Athlete/76c2ae0a-d755-4487-ae62-259395e0ebdb,p10_10k,2019,37:08,2228.0,01/12/2019,Sheffield
Kevin Doyle,Kevin Doyle,https://www.powerof10.uk/Home/Athlete/76c2ae0a-d755-4487-ae62-259395e0ebdb,p10_10k,2020,37:15,2235.0,02/02/2020,Dewsbury
Kevin Doyle,Kevin Doyle,https://www.powerof10.uk/Home/Athlete/76c2ae0a-d755-4487-ae62-259395e0ebdb,p10_10k,2021,41:26,2486.0,05/12/2021,Sheffield
Kevin Doyle,Kevin Doyle,https://www.powerof10.uk/Home/Athlete/76c2ae0a-d755-4487-ae62-259395e0ebdb,p10_5k,2016,17:12,1032.0,13/07/2016,Doncaster
Kevin Doyle,Kevin Doyle,https://www.powerof10.uk/Home/Athlete/76c2ae0a-d755-4487-ae62-259395e0ebdb,p10_5k,2017,17:46,1066.0,12/07/2017,Doncaster
Kevin Doyle,Kevin Doyle,https://www.powerof10.uk/Home/Athlete/76c2ae0a-d755-4487-ae62-259395e0ebdb,p10_5k,2018,18:20,1100.0,18/07/2018,Greasbrough
Kevin Doyle,Kevin Doyle,https://www.powerof10.uk/Home/Athlete/76c2ae0a-d755-4487-ae62-259395e0ebdb,p10_5k,2019,20:52,1252.0,10/07/2019,Doncaster
Kevin Randall,Kevin Randall,https://www.powerof10.uk/Home/Athlete/ed2a6acd-2cd7-4acb-b214-d63b9cd72d0a,p10_10k,2016,44:52,2692.0,07/02/2016,Dewsbury
Kevin Randall,Kevin Randall,https://www.powerof10.uk/Home/Athlete/ed2a6acd-2cd7-4acb-b214-d63b9cd72d0a,p10_10k,2017,47:01,2821.0,03/12/2017,Sheffield
Kevin Randall,Kevin Randall,https://www.powerof10.uk/Home/Athlete/ed2a6acd-2cd7-4acb-b214-d63b9cd72d0a,p10_10k,2018,45:42,2742.0,04/02/2018,Dewsbury
Kevin Randall,Kevin Randall,https://www.powerof10.uk/Home/Athlete/ed2a6acd-2cd7-4acb-b214-d63b9cd72d0a,p10_10k,2019,46:55,2815.0,10/02/2019,Scunthorpe
Kevin Randall,Kevin Randall,https://www.powerof10.uk/Home/Athlete/ed2a6acd-2cd7-4acb-b214-d63b9cd72d0a,p10_10k,2020,46:17,2777.0,02/02/2020,Dewsbury
Kevin Randall,Kevin Randall,https://www.powerof10.uk/Home/Athlete/ed2a6acd-2cd7-4acb-b214-d63b9cd72d0a,p10_10k,2021,49:50,2990.0,05/12/2021,Sheffield
Kevin Randall,Kevin Randall,https://www.powerof10.uk/Home/Athlete/ed2a6acd-2cd7-4acb-b214-d63b9cd72d0a,p10_10k,2022,50:36,3036.0,04/12/2022,Sheffield
Kevin Randall,Kevin Randall,https://www.powerof10.uk/Home/Athlete/ed2a6acd-2cd7-4acb-b214-d63b9cd72d0a,p10_10k,2023,57:06,3426.0,11/11/2023,Alton
Kevin Randall,Kevin Randall,https://www.powerof10.uk/Home/Athlete/ed2a6acd-2cd7-4acb-b214-d63b9cd72d0a,p10_10k,2024,56:57,3417.0,24/03/2024,Welshpool
Kevin Randall,Kevin Randall,https://www.powerof10.uk/Home/Athlete/ed2a6acd-2cd7-4acb-b214-d63b9cd72d0a,p10_10k,2025,59:25,3565.0,07/12/2025,Sheffield
Kevin Randall,Kevin Randall,https://www.powerof10.uk/Home/Athlete/ed2a6acd-2cd7-4acb-b214-d63b9cd72d0a,p10_10k,2026,57:39,3459.0,12/04/2026,Tamworth
Mark Gamsu,Mark Gamsu,https://www.powerof10.uk/Home/Athlete/e3515419-ce99-41da-b5df-3dbfb7292043,p10_10k,2018,45:09,2709.0,02/12/2018,Sheffield
Mark Gamsu,Mark Gamsu,https://www.powerof10.uk/Home/Athlete/e3515419-ce99-41da-b5df-3dbfb7292043,p10_10k,2019,45:15,2715.0,01/12/2019,Sheffield
Mark Gamsu,Mark Gamsu,https://www.powerof10.uk/Home/Athlete/e3515419-ce99-41da-b5df-3dbfb7292043,p10_10k,2021,46:46,2806.0,05/12/2021,Sheffield
Mark Gamsu,Mark Gamsu,https://www.powerof10.uk/Home/Athlete/e3515419-ce99-41da-b5df-3dbfb7292043,p10_10k,2022,48:23,2903.0,04/12/2022,Sheffield
Mark Gamsu,Mark Gamsu,https://www.powerof10.uk/Home/Athlete/e3515419-ce99-41da-b5df-3dbfb7292043,p10_10k,2023,50:00,3000.0,24/09/2023,Sheffield
Mark Gamsu,Mark Gamsu,https://www.powerof10.uk/Home/Athlete/e3515419-ce99-41da-b5df-3dbfb7292043,p10_10k,2024,50:12,3012.0,29/09/2024,Sheffield
Mark Platton,Mark Platton,https://www.powerof10.uk/Home/Athlete/5807d527-c602-41e8-aa00-5b77a0986c42,p10_10k,2017,43:08,2588.0,03/12/2017,Sheffield
Mark Platton,Mark Platton,https://www.powerof10.uk/Home/Athlete/5807d527-c602-41e8-aa00-5b77a0986c42,p10_10k,2018,42:26,2546.0,02/12/2018,Sheffield
Mark Platton,Mark Platton,https://www.powerof10.uk/Home/Athlete/5807d527-c602-41e8-aa00-5b77a0986c42,p10_10k,2019,42:27,2547.0,07/04/2019,Dronfield Woodhouse
Nick Hails,Nick Hails,https://www.powerof10.uk/Home/Athlete/43ffb390-7f6d-40f7-99fb-7c400e1375f0,p10_10k,2016,47:55,2875.0,04/12/2016,Sheffield
Nick Hails,Nick Hails,https://www.powerof10.uk/Home/Athlete/43ffb390-7f6d-40f7-99fb-7c400e1375f0,p10_10k,2017,44:54,2694.0,03/12/2017,Sheffield
Nick Hails,Nick Hails,https://www.powerof10.uk/Home/Athlete/43ffb390-7f6d-40f7-99fb-7c400e1375f0,p10_10k,2018,45:29,2729.0,23/09/2018,Sheffield
Nick Hails,Nick Hails,https://www.powerof10.uk/Home/Athlete/43ffb390-7f6d-40f7-99fb-7c400e1375f0,p10_10k,2019,40:22,2422.0,07/04/2019,Dronfield Woodhouse
Nick Hails,Nick Hails,https://www.powerof10.uk/Home/Athlete/43ffb390-7f6d-40f7-99fb-7c400e1375f0,p10_10k,2021,44:04,2644.0,12/12/2021,Bolsover
Nick Hails,Nick Hails,https://www.powerof10.uk/Home/Athlete/43ffb390-7f6d-40f7-99fb-7c400e1375f0,p10_10k,2022,42:39,2559.0,04/12/2022,Sheffield
Nick Hails,Nick Hails,https://www.powerof10.uk/Home/Athlete/43ffb390-7f6d-40f7-99fb-7c400e1375f0,p10_10k,2023,42:37,2557.0,24/09/2023,Sheffield
Nick Hails,Nick Hails,https://www.powerof10.uk/Home/Athlete/43ffb390-7f6d-40f7-99fb-7c400e1375f0,p10_10k,2024,41:55,2515.0,01/12/2024,Sheffield
Nick Hails,Nick Hails,https://www.powerof10.uk/Home/Athlete/43ffb390-7f6d-40f7-99fb-7c400e1375f0,p10_10k,2025,41:12,2472.0,09/02/2025,Chesterfield
Nick Hails,Nick Hails,https://www.powerof10.uk/Home/Athlete/43ffb390-7f6d-40f7-99fb-7c400e1375f0,p10_10k,2026,44:33,2673.0,01/02/2026,Dewsbury
Nick Hails,Nick Hails,https://www.powerof10.uk/Home/Athlete/43ffb390-7f6d-40f7-99fb-7c400e1375f0,p10_5k,2023,20:02,1202.0,07/06/2023,Sheffield
Nick Hails,Nick Hails,https://www.powerof10.uk/Home/Athlete/43ffb390-7f6d-40f7-99fb-7c400e1375f0,p10_5k,2024,20:03,1203.0,08/05/2024,Sheffield
Nick Hails,Nick Hails,https://www.powerof10.uk/Home/Athlete/43ffb390-7f6d-40f7-99fb-7c400e1375f0,p10_5k,2025,20:19,1219.0,07/05/2025,Sheffield
Oli Constable,Oli Constable,https://www.powerof10.uk/Home/Athlete/6e020d38-490f-4aec-81f2-4fff7327f109,p10_10k,2021,39:41,2381.0,28/11/2021,Doncaster
Oli Constable,Oli Constable,https://www.powerof10.uk/Home/Athlete/6e020d38-490f-4aec-81f2-4fff7327f109,p10_10k,2022,39:05,2345.0,27/11/2022,Doncaster
Oli Constable,Oli Constable,https://www.powerof10.uk/Home/Athlete/6e020d38-490f-4aec-81f2-4fff7327f109,p10_10k,2023,37:26,2246.0,06/08/2023,York
Oli Constable,Oli Constable,https://www.powerof10.uk/Home/Athlete/6e020d38-490f-4aec-81f2-4fff7327f109,p10_10k,2024,36:39,2199.0,29/09/2024,Sheffield
Oli Constable,Oli Constable,https://www.powerof10.uk/Home/Athlete/6e020d38-490f-4aec-81f2-4fff7327f109,p10_10k,2025,37:04,2224.0,09/02/2025,Chesterfield
Oli Constable,Oli Constable,https://www.powerof10.uk/Home/Athlete/6e020d38-490f-4aec-81f2-4fff7327f109,p10_10k,2026,39:07,2347.0,19/04/2026,Dronfield Woodhouse
Oli Constable,Oli Constable,https://www.powerof10.uk/Home/Athlete/6e020d38-490f-4aec-81f2-4fff7327f109,p10_5k,2022,19:57,1197.0,04/06/2022,Chesterfield
Oli Constable,Oli Constable,https://www.powerof10.uk/Home/Athlete/6e020d38-490f-4aec-81f2-4fff7327f109,p10_5k,2023,18:04,1084.0,07/10/2023,Chesterfield
Pat Goodall,Pat Goodall,https://www.powerof10.uk/Home/Athlete/2141ef73-17bb-4e6f-ae65-d5b3215aad6b,p10_10k,2016,48:30,2910.0,17/04/2016,Sheffield
Pat Goodall,Pat Goodall,https://www.powerof10.uk/Home/Athlete/2141ef73-17bb-4e6f-ae65-d5b3215aad6b,p10_10k,2018,51:04,3064.0,13/05/2018,Holymoorside
Pat Goodall,Pat Goodall,https://www.powerof10.uk/Home/Athlete/2141ef73-17bb-4e6f-ae65-d5b3215aad6b,p10_10k,2024,54:51,3291.0,28/04/2024,Dronfield Woodhouse
Pat Goodall,Pat Goodall,https://www.powerof10.uk/Home/Athlete/2141ef73-17bb-4e6f-ae65-d5b3215aad6b,p10_10k,2025,58:14,3494.0,19/04/2025,Ashbourne
Pat Goodall,Pat Goodall,https://www.powerof10.uk/Home/Athlete/2141ef73-17bb-4e6f-ae65-d5b3215aad6b,p10_10k,2026,1:06:24,3984.0,19/04/2026,Dronfield Woodhouse
Pat Goodall,Pat Goodall,https://www.powerof10.uk/Home/Athlete/2141ef73-17bb-4e6f-ae65-d5b3215aad6b,p10_5k,2023,25:51,1551.0,05/07/2023,Sheffield
Pat Goodall,Pat Goodall,https://www.powerof10.uk/Home/Athlete/2141ef73-17bb-4e6f-ae65-d5b3215aad6b,p10_5k,2024,26:06,1566.0,05/06/2024,Sheffield
Pat Goodall,Pat Goodall,https://www.powerof10.uk/Home/Athlete/2141ef73-17bb-4e6f-ae65-d5b3215aad6b,p10_5k,2025,30:33,1833.0,09/08/2025,Knutsford
Paul Middlemas,Paul Middlemas,https://www.powerof10.uk/Home/Athlete/708d9db9-52f2-4c27-986c-68fda996a3eb,p10_10k,2016,42:11,2531.0,10/07/2016,Leeds
Paul Middlemas,Paul Middlemas,https://www.powerof10.uk/Home/Athlete/708d9db9-52f2-4c27-986c-68fda996a3eb,p10_10k,2018,37:00,2220.0,23/09/2018,Sheffield
Paul Middlemas,Paul Middlemas,https://www.powerof10.uk/Home/Athlete/708d9db9-52f2-4c27-986c-68fda996a3eb,p10_10k,2019,37:04,2224.0,07/04/2019,Dronfield Woodhouse
Paul Middlemas,Paul Middlemas,https://www.powerof10.uk/Home/Athlete/708d9db9-52f2-4c27-986c-68fda996a3eb,p10_10k,2022,34:11,2051.0,06/02/2022,Dewsbury
Paul Middlemas,Paul Middlemas,https://www.powerof10.uk/Home/Athlete/708d9db9-52f2-4c27-986c-68fda996a3eb,p10_10k,2023,33:27,2007.0,05/02/2023,Dewsbury
Paul Middlemas,Paul Middlemas,https://www.powerof10.uk/Home/Athlete/708d9db9-52f2-4c27-986c-68fda996a3eb,p10_10k,2024,34:42,2082.0,24/11/2024,Doncaster
Paul Middlemas,Paul Middlemas,https://www.powerof10.uk/Home/Athlete/708d9db9-52f2-4c27-986c-68fda996a3eb,p10_5k,2022,17:04,1024.0,13/07/2022,Doncaster
Paul Middlemas,Paul Middlemas,https://www.powerof10.uk/Home/Athlete/708d9db9-52f2-4c27-986c-68fda996a3eb,p10_5k,2023,16:38,998.0,07/06/2023,Sheffield
Richard Ward,Richard Ward,https://www.powerof10.uk/Home/Athlete/084e5a06-c5ae-4859-b54f-b0606611fde4,p10_10k,2019,43:40,2620.0,01/12/2019,Sheffield
Richard Ward,Richard Ward,https://www.powerof10.uk/Home/Athlete/084e5a06-c5ae-4859-b54f-b0606611fde4,p10_10k,2021,41:16,2476.0,05/12/2021,Sheffield
Richard Ward,Richard Ward,https://www.powerof10.uk/Home/Athlete/084e5a06-c5ae-4859-b54f-b0606611fde4,p10_10k,2022,42:36,2556.0,04/12/2022,Sheffield
Richard Ward,Richard Ward,https://www.powerof10.uk/Home/Athlete/084e5a06-c5ae-4859-b54f-b0606611fde4,p10_10k,2023,43:15,2595.0,14/05/2023,Rotherham
Richard Ward,Richard Ward,https://www.powerof10.uk/Home/Athlete/084e5a06-c5ae-4859-b54f-b0606611fde4,p10_10k,2024,42:15,2535.0,01/12/2024,Sheffield
Richard Ward,Richard Ward,https://www.powerof10.uk/Home/Athlete/084e5a06-c5ae-4859-b54f-b0606611fde4,p10_10k,2025,41:35,2495.0,07/12/2025,Sheffield
Richard Ward,Richard Ward,https://www.powerof10.uk/Home/Athlete/084e5a06-c5ae-4859-b54f-b0606611fde4,p10_5k,2019,20:28,1228.0,10/07/2019,Doncaster
Richard Ward,Richard Ward,https://www.powerof10.uk/Home/Athlete/084e5a06-c5ae-4859-b54f-b0606611fde4,p10_5k,2021,20:53,1253.0,31/07/2021,Sheffield
Richard Ward,Richard Ward,https://www.powerof10.uk/Home/Athlete/084e5a06-c5ae-4859-b54f-b0606611fde4,p10_5k,2022,19:53,1193.0,13/07/2022,Doncaster
Richard Ward,Richard Ward,https://www.powerof10.uk/Home/Athlete/084e5a06-c5ae-4859-b54f-b0606611fde4,p10_5k,2023,20:25,1225.0,07/06/2023,Sheffield
Richard Ward,Richard Ward,https://www.powerof10.uk/Home/Athlete/084e5a06-c5ae-4859-b54f-b0606611fde4,p10_5k,2024,20:02,1202.0,08/05/2024,Sheffield
Richard Ward,Richard Ward,https://www.powerof10.uk/Home/Athlete/084e5a06-c5ae-4859-b54f-b0606611fde4,p10_5k,2025,20:11,1211.0,04/06/2025,Sheffield
Richard Ward,Richard Ward,https://www.powerof10.uk/Home/Athlete/084e5a06-c5ae-4859-b54f-b0606611fde4,p10_5k,2026,19:43,1183.0,06/05/2026,Sheffield
Rob Davies,Robert Davies,https://www.powerof10.uk/Home/Athlete/85c408d5-ed91-4b3d-9938-18a838043801,p10_10k,2016,45:05,2705.0,30/10/2016,Sheffield
Rob Davies,Robert Davies,https://www.powerof10.uk/Home/Athlete/85c408d5-ed91-4b3d-9938-18a838043801,p10_10k,2017,44:27,2667.0,03/12/2017,Sheffield
Rob Davies,Robert Davies,https://www.powerof10.uk/Home/Athlete/85c408d5-ed91-4b3d-9938-18a838043801,p10_10k,2018,45:16,2716.0,20/05/2018,Sheffield
Rob Davies,Robert Davies,https://www.powerof10.uk/Home/Athlete/85c408d5-ed91-4b3d-9938-18a838043801,p10_10k,2019,44:30,2670.0,12/05/2019,Holymoorside
Russell Stevenson,Russell James,https://www.powerof10.uk/Home/Athlete/55369e00-cc90-42b3-b5e4-09ed00c275e2,p10_10k,2016,42:21,2541.0,13/03/2016,Dronfield Woodhouse
Russell Stevenson,Russell James,https://www.powerof10.uk/Home/Athlete/55369e00-cc90-42b3-b5e4-09ed00c275e2,p10_10k,2019,41:25,2485.0,01/12/2019,Sheffield
Russell Stevenson,Russell James,https://www.powerof10.uk/Home/Athlete/55369e00-cc90-42b3-b5e4-09ed00c275e2,p10_10k,2020,42:49,2569.0,15/03/2020,Dronfield Woodhouse
Russell Stevenson,Russell James,https://www.powerof10.uk/Home/Athlete/55369e00-cc90-42b3-b5e4-09ed00c275e2,p10_10k,2022,39:05,2345.0,27/11/2022,Doncaster
Russell Stevenson,Russell James,https://www.powerof10.uk/Home/Athlete/55369e00-cc90-42b3-b5e4-09ed00c275e2,p10_10k,2025,39:04,2344.0,28/09/2025,Sheffield
Russell Stevenson,Russell James,https://www.powerof10.uk/Home/Athlete/55369e00-cc90-42b3-b5e4-09ed00c275e2,p10_5k,2025,19:24,1164.0,02/07/2025,Sheffield
Simon Wiles,Simon Wiles,https://www.powerof10.uk/Home/Athlete/192455bc-a765-4354-85a8-07a3adb86095,p10_10k,2016,44:48,2688.0,04/12/2016,Sheffield
Simon Wiles,Simon Wiles,https://www.powerof10.uk/Home/Athlete/192455bc-a765-4354-85a8-07a3adb86095,p10_10k,2017,46:32,2792.0,03/12/2017,Sheffield
Simon Wiles,Simon Wiles,https://www.powerof10.uk/Home/Athlete/192455bc-a765-4354-85a8-07a3adb86095,p10_10k,2018,47:05,2825.0,02/12/2018,Sheffield
Simon Wiles,Simon Wiles,https://www.powerof10.uk/Home/Athlete/192455bc-a765-4354-85a8-07a3adb86095,p10_10k,2019,47:31,2851.0,01/12/2019,Sheffield
Stuart Scott,Stuart Scott,https://www.powerof10.uk/Home/Athlete/1a5792cc-9faf-4a14-88ee-83fe240c912c,p10_10k,2017,37:46,2266.0,03/12/2017,Sheffield
Stuart Scott,Stuart Scott,https://www.powerof10.uk/Home/Athlete/1a5792cc-9faf-4a14-88ee-83fe240c912c,p10_10k,2018,37:18,2238.0,02/12/2018,Sheffield
Stuart Scott,Stuart Scott,https://www.powerof10.uk/Home/Athlete/1a5792cc-9faf-4a14-88ee-83fe240c912c,p10_10k,2019,34:28,2068.0,01/12/2019,Sheffield
Stuart Scott,Stuart Scott,https://www.powerof10.uk/Home/Athlete/1a5792cc-9faf-4a14-88ee-83fe240c912c,p10_10k,2022,34:07,2047.0,04/12/2022,Sheffield
Stuart Scott,Stuart Scott,https://www.powerof10.uk/Home/Athlete/1a5792cc-9faf-4a14-88ee-83fe240c912c,p10_10k,2023,33:28,2008.0,05/02/2023,Dewsbury
Stuart Scott,Stuart Scott,https://www.powerof10.uk/Home/Athlete/1a5792cc-9faf-4a14-88ee-83fe240c912c,p10_10k,2024,35:21,2121.0,01/12/2024,Sheffield
Stuart Scott,Stuart Scott,https://www.powerof10.uk/Home/Athlete/1a5792cc-9faf-4a14-88ee-83fe240c912c,p10_10k,2025,34:56,2096.0,07/12/2025,Sheffield
Stuart Scott,Stuart Scott,https://www.powerof10.uk/Home/Athlete/1a5792cc-9faf-4a14-88ee-83fe240c912c,p10_5k,2021,17:17,1037.0,14/08/2021,Sheffield
Stuart Scott,Stuart Scott,https://www.powerof10.uk/Home/Athlete/1a5792cc-9faf-4a14-88ee-83fe240c912c,p10_5k,2022,16:22,982.0,13/07/2022,Doncaster
